{"actions":[],"apps":[{"acl":{"app":[],"field":[],"record":[]},"app":null,"category":{"categories":[],"useCategory":"false"},"form":{"layout":"[{\"id\":null,\"type\":\"ROW\",\"isSubTable\":false,\"var\":null,\"controlList\":[{\"isVirtical\":true,\"styleMap\":{\"width\":703},\"type\":\"SINGLE_LINE_TEXT\",\"var\":\"\\u30bf\\u30a4\\u30c8\\u30eb\",\"label\":\"\\u30bf\\u30a4\\u30c8\\u30eb\"},{\"isVirtical\":true,\"styleMap\":{\"width\":180},\"type\":\"CREATED_AT\",\"var\":\"\\u4f5c\\u6210\\u65e5\\u6642\",\"label\":\"\\u4f5c\\u6210\\u65e5\\u6642\"}]},{\"id\":null,\"type\":\"ROW\",\"isSubTable\":false,\"var\":null,\"controlList\":[{\"styleMap\":{\"width\":115,\"height\":66},\"elementId\":\"ThreadSpace\",\"type\":\"SPACER\"}]},{\"id\":\"5271705\",\"type\":\"SUBTABLE\",\"isSubTable\":true,\"var\":\"\\u6295\\u7a3f\\u30c6\\u30fc\\u30d6\\u30eb\",\"controlList\":[{\"isVirtical\":true,\"styleMap\":{\"width\":125},\"type\":\"DECIMAL\",\"var\":\"\\u6295\\u7a3f\\u30b3\\u30e1\\u30f3\\u30c8ID\",\"label\":\"\\u6295\\u7a3f\\u30b3\\u30e1\\u30f3\\u30c8ID\"},{\"isVirtical\":true,\"styleMap\":{\"width\":196},\"type\":\"DATETIME\",\"var\":\"\\u6295\\u7a3f\\u65e5\\u6642\",\"label\":\"\\u6295\\u7a3f\\u65e5\\u6642\"},{\"isVirtical\":true,\"styleMap\":{\"width\":89},\"type\":\"SINGLE_LINE_TEXT\",\"var\":\"\\u6295\\u7a3f\\u8005\\u540d\",\"label\":\"\\u6295\\u7a3f\\u8005\\u540d\"},{\"isVirtical\":true,\"styleMap\":{\"width\":344},\"type\":\"USER_SELECT\",\"var\":\"\\u6295\\u7a3fkintone\\u30e6\\u30fc\\u30b6\\u30fc\",\"label\":\"\\u6295\\u7a3fkintone\\u30e6\\u30fc\\u30b6\\u30fc\"},{\"isVirtical\":true,\"styleMap\":{\"width\":101},\"type\":\"SINGLE_LINE_TEXT\",\"var\":\"\\u6295\\u7a3f\\u8005ID\",\"label\":\"\\u6295\\u7a3f\\u8005ID\"},{\"isVirtical\":true,\"styleMap\":{\"width\":205,\"height\":187,\"innerHeight\":138},\"type\":\"MULTIPLE_LINE_TEXT\",\"var\":\"\\u30b3\\u30e1\\u30f3\\u30c8\",\"label\":\"\\u30b3\\u30e1\\u30f3\\u30c8\"},{\"isVirtical\":true,\"styleMap\":{\"width\":180},\"type\":\"FILE\",\"var\":\"\\u30d5\\u30a1\\u30a4\\u30eb\",\"label\":\"\\u30d5\\u30a1\\u30a4\\u30eb\"}]}]","revision":null},"iconMeta":{"internalName":null,"mime":"image/png","name":"icon.png"},"info":{"code":null,"decimalPrecision":"16","decimalScale":"4","description":"\u003Cdiv\u003E\u003Cbr /\u003E\u003C/div\u003E","enableBulkDeletion":"false","fiscalYearStartMonth":"4","iconKey":"68145","iconType":"BLOB","jsFiles":null,"jsScope":"ALL","name":"kintoneすれっど","roundingMode":"HALF_EVEN","theme":"PLAIN","titleComponentLocalId":null,"useComment":"true","useHistory":"true","useThumbnail":"true"},"jsFiles":[],"notification":{"appNotifications":[{"events":["RECORD_COMMENT_ADDED"],"target":{"entityId":"5271695","entityType":"FIELD_ENTITY","includeSubs":"false"}},{"events":["RECORD_COMMENT_ADDED"],"target":{"entityId":"5271696","entityType":"FIELD_ENTITY","includeSubs":"false"}}],"recordNotifications":[],"reminderTimezone":null,"reminders":[],"useComment":"true","useReminder":"false"},"plugin":{"pluginIds":[]},"reports":[],"resource":{"tables":[{"rows":[{"fields":[],"objectId":"0","subObjectId":"-1"}],"type":"AppName"},{"rows":[{"fields":[],"objectId":"0","subObjectId":"-1"}],"type":"AppDescription"},{"rows":[{"fields":[],"objectId":"5271694","subObjectId":"-1"},{"fields":[],"objectId":"5271695","subObjectId":"-1"},{"fields":[],"objectId":"5271696","subObjectId":"-1"},{"fields":[],"objectId":"5271697","subObjectId":"-1"},{"fields":[],"objectId":"5271698","subObjectId":"-1"},{"fields":[],"objectId":"5271699","subObjectId":"-1"},{"fields":[],"objectId":"5271700","subObjectId":"-1"},{"fields":[],"objectId":"5271701","subObjectId":"-1"},{"fields":[],"objectId":"5271705","subObjectId":"-1"},{"fields":[],"objectId":"5271702","subObjectId":"-1"},{"fields":[],"objectId":"5271703","subObjectId":"-1"},{"fields":[],"objectId":"5271709","subObjectId":"-1"},{"fields":[],"objectId":"5271724","subObjectId":"-1"},{"fields":[],"objectId":"5272481","subObjectId":"-1"},{"fields":[],"objectId":"5272527","subObjectId":"-1"},{"fields":[],"objectId":"5272650","subObjectId":"-1"},{"fields":[],"objectId":"5271706","subObjectId":"-1"}],"type":"FieldLabel"},{"rows":[{"fields":[],"objectId":"5271708","subObjectId":"-1"},{"fields":[],"objectId":"20","subObjectId":"-1"}],"type":"ViewName"}]},"schema":{"groups":[],"revision":null,"subTable":{"5271705":{"fieldList":{"5271702":{"id":"5271702","label":"投稿日時","properties":{"defaultExpression":null,"defaultValue":null,"noLabel":"false","required":"false","unique":"false"},"type":"DATETIME","var":"投稿日時"},"5271703":{"id":"5271703","label":"投稿者名","properties":{"defaultValue":"","expression":"","hideExpression":"false","max":null,"min":null,"noLabel":"false","required":"false","unique":"false"},"type":"SINGLE_LINE_TEXT","var":"投稿者名"},"5271709":{"id":"5271709","label":"投稿コメントID","properties":{"defaultValue":null,"digit":"false","displayScale":null,"max":null,"min":"1","noLabel":"false","required":"false","roundingMode":null,"scale":null,"unique":"false","unit":"","unitPosition":"BEFORE"},"type":"DECIMAL","var":"投稿コメントID"},"5271724":{"id":"5271724","label":"投稿kintoneユーザー","properties":{"defaultEntities":[],"defaultSelect":[],"entities":[],"noLabel":"false","required":"false","select":[]},"type":"USER_SELECT","var":"投稿kintoneユーザー"},"5272481":{"id":"5272481","label":"ファイル","properties":{"noLabel":"false","required":"false","thumbnailSize":"150"},"type":"FILE","var":"ファイル"},"5272527":{"id":"5272527","label":"投稿者ID","properties":{"defaultValue":"","expression":"","hideExpression":"false","max":null,"min":null,"noLabel":"false","required":"false","unique":"false"},"type":"SINGLE_LINE_TEXT","var":"投稿者ID"},"5272650":{"id":"5272650","label":"コメント","properties":{"defaultValue":"","noLabel":"false","required":"false"},"type":"MULTIPLE_LINE_TEXT","var":"コメント"}},"id":"5271705","label":"投稿テーブル","var":"投稿テーブル"}},"table":{"fieldList":{"5271694":{"id":"5271694","label":"レコード番号","properties":{"noLabel":"false","required":"true"},"type":"RECORD_ID","var":"レコード番号"},"5271695":{"id":"5271695","label":"更新者","properties":{"noLabel":"false","required":"true"},"type":"MODIFIER","var":"更新者"},"5271696":{"id":"5271696","label":"作成者","properties":{"noLabel":"false","required":"true"},"type":"CREATOR","var":"作成者"},"5271697":{"id":"5271697","label":"更新日時","properties":{"noLabel":"false","required":"true"},"type":"MODIFIED_AT","var":"更新日時"},"5271698":{"id":"5271698","label":"作成日時","properties":{"noLabel":"false","required":"true"},"type":"CREATED_AT","var":"作成日時"},"5271699":{"id":"5271699","label":"ステータス","properties":{"noLabel":"false","required":"false"},"type":"STATUS","var":"ステータス"},"5271700":{"id":"5271700","label":"作業者","properties":{"noLabel":"false","required":"false"},"type":"STATUS_ASSIGNEE","var":"作業者"},"5271701":{"id":"5271701","label":"カテゴリー","properties":{"noLabel":"false","required":"false"},"type":"CATEGORY","var":"カテゴリー"},"5271706":{"id":"5271706","label":"タイトル","properties":{"defaultValue":"","expression":"","hideExpression":"false","max":null,"min":null,"noLabel":"false","required":"false","unique":"false"},"type":"SINGLE_LINE_TEXT","var":"タイトル"}},"id":"1","label":"__ROOT__","var":"__ROOT__"}},"status":{"actions":[],"filters":[],"initialStateId":null,"states":[],"useStatus":"false"},"uuid":"f55b58dc-973d-4118-85d9-45f9ea427697","views":[{"advancedMode":"false","builtinType":null,"fields":[{"row":[{"id":"5271697"},{"id":"5271706"}]}],"filter":{"category":null,"offset":null,"order":["DESC"],"q":null,"size":null,"sort":["f5271694"]},"html":null,"keyFieldId":null,"name":"一覧","pager":null,"revision":null,"titleFieldId":null,"view":"5271708","viewType":"LIST"},{"advancedMode":null,"builtinType":"ALL","fields":[{"row":[{"id":"5271694"},{"id":"5271706"}]}],"filter":{"category":null,"offset":null,"order":[],"q":null,"size":null,"sort":[]},"html":null,"keyFieldId":null,"name":"（すべて）","pager":null,"revision":null,"titleFieldId":null,"view":"20","viewType":"LIST"}]}],"description":"kintoneThreadPlugin用のアプリテンプレートです。\n\nkintoneThreadPluginとは、kintoneアプリ上で掲示板スレッドのような機能を使えるプラグインです。\nプラグインダウンロードはこちら\nhttps://github.com/kiku38/kintoneThreadPlugin","iconKey":"201512170430036711CCBCEE624EB0B7976C20D532230D307","iconMeta":{"internalName":null,"mime":"image/png","name":"icon.png"},"iconSrcAppId":"f55b58dc-973d-4118-85d9-45f9ea427697","iconType":"BLOB","idConversionMap":{"3528":"f55b58dc-973d-4118-85d9-45f9ea427697"},"imagesMeta":[{"internalName":null,"mime":"image/png","name":"1.png"},{"internalName":null,"mime":"image/png","name":"2.png"},{"internalName":null,"mime":"image/png","name":"3.png"},{"internalName":null,"mime":"image/png","name":"4.png"}],"lookups":[],"name":"kintoneすれっど","references":[],"version":"15"}